DI,DII,C1,C2,C3,C4,C5,C6,C6',C7,C7',C8,C9,yearMonth,,,,
33.3,0,72.6,54.1,73,102.6,85.1,5.8,5.8,8.8,8.8,63689,0.7,198012,5.8,8.8,0,不景気
38.9,1,72.7,54.2,77.1,103,85.4,6.7,6.7,3.7,3.7,63009,0.7,19811,6.7,3.7,1,好景気
44.4,0,72.4,53.9,73.9,103.1,84.9,2.2,2.2,-1.6,1.6,62329,0.7,19812,2.2,1.6,0,不景気
33.3,1,72.7,53.9,74.9,102.4,84.2,6.5,6.5,7.3,7.3,61649,0.7,19813,6.5,7.3,1,好景気
38.9,0,72.7,54.5,75.2,103.3,85.9,3.9,3.9,0.1,0.1,61162,0.7,19814,3.9,0.1,0,不景気
22.2,0,71.6,53.3,71.3,102.2,84.7,3,3,-0.7,0.7,60674,0.7,19815,3,0.7,0,不景気
55.6,1,73.5,54.3,71.9,103.2,86.7,5.8,5.8,6,6,60187,0.7,19816,5.8,6,1,好景気
77.8,1,73.9,55,74.2,101.9,88.1,8.8,8.8,7.5,7.5,61215,0.7,19817,8.8,7.5,1,好景気
100,0,73.7,54.5,74.5,103.3,87.4,7.1,7.1,7.2,7.2,62243,0.7,19818,7.1,7.2,0,不景気
94.4,1,74.9,55.6,75.7,104.1,87.8,6.3,6.3,10.4,10.4,63271,0.7,19819,6.3,10.4,1,好景気
66.7,1,75.4,55.6,75.9,104.7,88,6.3,6.3,8.8,8.8,64245,0.7,198110,6.3,8.8,1,好景気
72.2,0,75.4,55.4,77.8,103.3,88.5,5.8,5.8,14,14,65219,0.7,198111,5.8,14,0,不景気
55.6,0,75.2,55.1,76,103.8,88.6,6.8,6.8,9.7,9.7,66193,0.7,198112,6.8,9.7,0,不景気
22.2,0,74.7,54.6,76,103,87.7,4.1,4.1,9.2,9.2,65865,0.7,19821,4.1,9.2,0,不景気
0,0,74.2,54.3,74.2,102.5,86.8,3,3,11.7,11.7,65537,0.7,19822,3,11.7,0,不景気
22.2,1,74.9,54.5,76.3,102.1,87.1,2.7,2.7,13.8,13.8,65209,0.6,19823,2.7,13.8,1,好景気
11.1,0,73.8,54,73.9,101.1,84.5,1.2,1.2,9.7,9.7,64044,0.6,19824,1.2,9.7,0,不景気
22.2,0,73.3,53.3,74.3,101.7,84.9,4.4,4.4,8.8,8.8,62878,0.6,19825,4.4,8.8,0,不景気
5.6,1,74.2,54.2,72.8,101,86.6,2.7,2.7,7.5,7.5,61713,0.6,19826,2.7,7.5,1,好景気
44.4,0,73.9,53.6,75.3,101.7,86.1,-0.3,0.3,5.7,5.7,61280,0.6,19827,0.3,5.7,0,不景気
55.6,1,74,53.7,74.9,101.7,86.9,2.5,2.5,7.1,7.1,60847,0.6,19828,2.5,7.1,1,好景気
55.6,1,74.4,54.2,77.6,101.2,89.4,2.6,2.6,6.7,6.7,60414,0.6,19829,2.6,6.7,1,好景気
27.8,0,72.2,52.9,75.9,100.9,84.9,3.1,3.1,4.2,4.2,59768,0.6,198210,3.1,4.2,0,不景気
38.9,1,74,53.4,77.5,101.1,87.9,4,4,4.9,4.9,59122,0.6,198211,4,4.9,1,好景気
0,0,73.4,53.1,75.7,99,88.8,1.8,1.8,4.9,4.9,58476,0.6,198212,1.8,4.9,0,不景気
77.8,1,73.7,53.6,77.8,101.3,85.9,4.2,4.2,1.7,1.7,58517,0.6,19831,4.2,1.7,1,好景気
38.9,0,73.5,53.5,77.8,100.3,87.2,3.4,3.4,1,1,58557,0.6,19832,3.4,1,0,不景気
72.2,1,74.5,54.6,79.3,101,86.7,2.2,2.2,-0.6,0.6,58598,0.6,19833,2.2,0.6,1,好景気
55.6,1,74.6,55.3,75.7,101.3,85.6,4.8,4.8,-2,2,59449,0.6,19834,4.8,2,1,好景気
50,1,74.8,55.9,76.3,101.8,85.6,2.6,2.6,0.7,0.7,60299,0.6,19835,2.6,0.7,1,好景気
50,1,75.8,56.9,77.5,102.8,86.4,1.2,1.2,-1.3,1.3,61150,0.6,19836,1.2,1.3,1,好景気
72.2,0,75.4,56.9,77.6,104.2,84.4,5.1,5.1,-3.9,3.9,62256,0.6,19837,5.1,3.9,0,不景気
94.4,1,77,58.9,79.3,104.9,87.5,5.7,5.7,0.7,0.7,63363,0.6,19838,5.7,0.7,1,好景気
88.9,1,78.4,59.3,79,105.4,86,2.8,2.8,-0.6,0.6,64469,0.6,19839,2.8,0.6,1,好景気
88.9,0,77.9,59.8,78.5,107.1,87.9,4,4,-1.6,1.6,65608,0.6,198310,4,1.6,0,不景気
72.2,1,78.6,60.6,79.3,107.7,87.7,2.6,2.6,-2.8,2.8,66748,0.6,198311,2.6,2.8,1,好景気
77.8,1,79.6,61.4,80.5,107.7,87.3,1.7,1.7,-1.2,1.2,67887,0.6,198312,1.7,1.2,1,好景気
88.9,1,80,61.9,79.3,108,90.8,0.2,0.2,-0.5,0.5,69118,0.6,19841,0.2,0.5,1,好景気
100,1,81.9,63.2,81.8,109.9,89,3.9,3.9,2.7,2.7,70348,0.6,19842,3.9,2.7,1,好景気
94.4,0,81.4,63.3,80.5,112.4,89.3,4.9,4.9,2.7,2.7,71579,0.6,19843,4.9,2.7,0,不景気
83.3,0,81.3,62.8,81.2,109.6,92.2,2.8,2.8,2.7,2.7,71128,0.6,19844,2.8,2.7,0,不景気
61.1,1,83,64.1,83.9,110.1,92.6,3.3,3.3,2.4,2.4,70678,0.6,19845,3.3,2.4,1,好景気
55.6,1,83.3,64.4,82.6,110.2,91.8,1.8,1.8,2.7,2.7,70227,0.6,19846,1.8,2.7,1,好景気
100,0,83.2,64.6,84.4,110.8,92.5,3,3,8.5,8.5,70615,0.7,19847,3,8.5,0,不景気
72.2,1,84.5,65.5,83.9,110.2,92.3,0,0,3.9,3.9,71004,0.7,19848,0,3.9,1,好景気
83.3,0,83.5,65.2,81.7,111.2,91.8,2.8,2.8,3.6,3.6,71392,0.7,19849,2.8,3.6,0,不景気
66.7,1,86,66,83.7,110.9,95.7,0.3,0.3,4.5,4.5,71599,0.7,198410,0.3,4.5,1,好景気
88.9,0,85.9,66.6,87,111.2,94.4,0.9,0.9,3.8,3.8,71805,0.7,198411,0.9,3.8,0,不景気
88.9,0,85.3,66.1,84.6,111.9,93.9,3.9,3.9,2.9,2.9,72012,0.7,198412,3.9,2.9,0,不景気
88.9,1,86.1,66.2,87.6,111.7,95.1,5.5,5.5,5.4,5.4,72735,0.7,19851,5.5,5.4,1,好景気
61.1,0,86.1,65.5,86.3,111.5,96.1,0.9,0.9,3.2,3.2,73458,0.7,19852,0.9,3.2,0,不景気
72.2,0,85.3,65.6,87.7,112.6,95,2.6,2.6,5.5,5.5,74181,0.7,19853,2.6,5.5,0,不景気
55.6,1,86.6,66,91.4,114.5,96.3,1.1,1.1,3.1,3.1,73468,0.7,19854,1.1,3.1,1,好景気
72.2,1,87.6,66.2,89,113.9,97.9,2,2,2.3,2.3,72756,0.7,19855,2,2.3,1,好景気
66.7,0,86.1,64.8,88.9,114.9,95.7,3.7,3.7,2,2,72043,0.7,19856,3.7,2,0,不景気
50,1,87.4,65.3,92.3,113.3,98.4,5.4,5.4,2.1,2.1,71867,0.7,19857,5.4,2.1,1,好景気
33.3,0,86.5,64.4,93.7,111.9,98,4.9,4.9,2.1,2.1,71690,0.7,19858,4.9,2.1,0,不景気
33.3,0,85.7,64.1,94.1,112.1,97.7,2.9,2.9,5.1,5.1,71514,0.7,19859,2.9,5.1,0,不景気
22.2,1,86.6,64.4,96.5,111.9,97.7,4.9,4.9,3.8,3.8,70265,0.7,198510,4.9,3.8,1,好景気
44.4,0,86.5,63.9,96.7,111.9,100.7,3.5,3.5,2.2,2.2,69016,0.7,198511,3.5,2.2,0,不景気
44.4,0,86.4,63.5,96.6,110.4,98.4,5.2,5.2,0.8,0.8,67767,0.7,198512,5.2,0.8,0,不景気
38.9,0,86.4,64.6,95.1,112,97.5,2.9,2.9,0.3,0.3,67785,0.7,19861,2.9,0.3,0,不景気
44.4,0,86.3,64.6,95.1,112.3,97.1,3.8,3.8,-3.4,3.4,67803,0.7,19862,3.8,3.4,0,不景気
44.4,0,86.2,64.1,93.2,110.9,99,2.9,2.9,-2.6,2.6,67821,0.7,19863,2.9,2.6,0,不景気
33.3,0,86.2,64.7,96.3,111,97.3,5.5,5.5,-2.8,2.8,66906,0.6,19864,5.5,2.8,0,不景気
33.3,0,86.1,64.7,96,110.4,97.3,1.7,1.7,-5.9,5.9,65991,0.6,19865,1.7,5.9,0,不景気
44.4,1,86.5,65,95.8,109.5,99.3,2.6,2.6,-5.7,5.7,65076,0.6,19866,2.6,5.7,1,好景気
38.9,1,86.6,65.2,94.5,107.9,97.3,-0.1,0.1,-7.6,7.6,65152,0.6,19867,0.1,7.6,1,好景気
33.3,0,84.4,63.9,92.9,108.7,97.4,3,3,-8.9,8.9,65228,0.6,19868,3,8.9,0,不景気
66.7,1,87.4,65.8,94.3,107.9,100,1.5,1.5,-4.9,4.9,65304,0.6,19869,1.5,4.9,1,好景気
55.6,0,86.1,65.5,94.1,107.8,97.2,1.5,1.5,-4.6,4.6,66593,0.6,198610,1.5,4.6,0,不景気
61.1,0,84.9,64.7,89.7,107.6,97.9,0.4,0.4,-5.3,5.3,67883,0.6,198611,0.4,5.3,0,不景気
33.3,1,87.2,65.5,90.9,107,101.1,-0.6,0.6,-4.9,4.9,69172,0.6,198612,0.6,4.9,1,好景気
61.1,0,86.5,65.5,92.3,107.4,100.4,3.9,3.9,-7.9,7.9,69408,0.6,19871,3.9,7.9,0,不景気
88.9,0,86.3,65.6,93,106.9,102,2.6,2.6,-4.6,4.6,69645,0.6,19872,2.6,4.6,0,不景気
100,1,87.6,66.5,94.3,107.4,102.1,2.3,2.3,0.3,0.3,69881,0.6,19873,2.3,0.3,1,好景気
77.8,0,86.6,66,90.5,108.7,102.1,3.3,3.3,0.5,0.5,72235,0.6,19874,3.3,0.5,0,不景気
66.7,0,85.3,65.7,92.1,109.7,100.8,6.7,6.7,-0.2,0.2,74590,0.7,19875,6.7,0.2,0,不景気
88.9,1,88.5,67.9,93.8,111.1,103.3,5.6,5.6,3.5,3.5,76944,0.7,19876,5.6,3.5,1,好景気
100,1,89.3,68.3,94.5,112.3,107,5.5,5.5,5.5,5.5,78810,0.7,19877,5.5,5.5,1,好景気
88.9,1,89.7,69.1,94.4,115.6,105.3,4.4,4.4,5.8,5.8,80676,0.7,19878,4.4,5.8,1,好景気
100,1,91,70.2,95.9,115.8,106.8,7.9,7.9,7.3,7.3,82542,0.7,19879,7.9,7.3,1,好景気
94.4,1,92.4,71.1,96.5,116.8,109.7,5.5,5.5,7.6,7.6,84909,0.8,198710,5.5,7.6,1,好景気
88.9,1,92.8,71.4,95.7,117.3,111.4,7.7,7.7,5.3,5.3,87276,0.8,198711,7.7,5.3,1,好景気
77.8,1,93.9,71.5,97.3,118.9,110.8,7.4,7.4,5.9,5.9,89643,0.8,198712,7.4,5.9,1,好景気
83.3,1,94.5,72,96.5,119.4,116,4.1,4.1,7.7,7.7,91127,0.9,19881,4.1,7.7,1,好景気
100,1,97.2,74.3,99.7,120.1,117.8,9.4,9.4,11.6,11.6,92610,0.9,19882,9.4,11.6,1,好景気
77.8,0,95.2,72.9,95.6,120.8,112.4,7.1,7.1,11.1,11.1,94094,0.9,19883,7.1,11.1,0,不景気
94.4,1,97.7,74.3,102,119.4,121.4,4.6,4.6,10.5,10.5,96312,1,19884,4.6,10.5,1,好景気
33.3,0,96.8,73.7,98.7,120.3,117.3,4.3,4.3,9.1,9.1,98531,1,19885,4.3,9.1,0,不景気
77.8,1,97,74.3,98,120.9,117.1,6.3,6.3,9.7,9.7,100749,1,19886,6.3,9.7,1,好景気
55.6,1,97.4,74.8,100.4,121.9,119.1,6.4,6.4,6.3,6.3,100756,1,19887,6.4,6.3,1,好景気
77.8,1,97.9,75.5,95.1,123,121.6,3.9,3.9,9.8,9.8,100762,1.1,19888,3.9,9.8,1,好景気
77.8,1,99.6,76.1,101.4,122.7,120.9,3.5,3.5,7.6,7.6,100769,1.1,19889,3.5,7.6,1,好景気
77.8,0,98.1,76.1,101.3,122.5,122.9,5.5,5.5,5.8,5.8,102447,1.1,198810,5.5,5.8,0,不景気
77.8,1,100.1,77.2,105.7,122.6,123.5,5.8,5.8,9.3,9.3,104125,1.1,198811,5.8,9.3,1,好景気
88.9,1,101,78.2,102.4,122.1,123.6,4.9,4.9,8.5,8.5,105803,1.1,198812,4.9,8.5,1,好景気
77.8,1,102.1,78,101.6,121.8,124.5,3.8,3.8,7.8,7.8,111526,1.2,19891,3.8,7.8,1,好景気
66.7,0,101.3,77.8,99,123.2,123.9,1.6,1.6,6.7,6.7,117248,1.2,19892,1.6,6.7,0,不景気
100,1,105,80.7,103.2,123.4,129.8,11.8,11.8,17.2,17.2,122971,1.2,19893,11.8,17.2,1,好景気
66.7,0,103.2,79.3,110.5,125.2,127,3,3,3.8,3.8,114495,1.2,19894,3,3.8,0,不景気
77.8,0,103.1,79.4,106.7,122.1,127.8,5.4,5.4,6.9,6.9,106019,1.3,19895,5.4,6.9,0,不景気
22.2,1,104.6,80.4,108.1,122.8,128.6,4.6,4.6,9.9,9.9,97543,1.3,19896,4.6,9.9,1,好景気
44.4,0,102.3,78.9,102.8,122.9,126.6,6.6,6.6,7.8,7.8,102922,1.3,19897,6.6,7.8,0,不景気
77.8,1,104.3,79.7,106,121.9,130.2,6.5,6.5,7.7,7.7,108302,1.3,19898,6.5,7.7,1,好景気
44.4,0,103.7,79.7,106.7,121.3,128.9,6.8,6.8,9.2,9.2,113681,1.3,19899,6.8,9.2,0,不景気
66.7,0,103,78.6,106,120.6,127.9,8.4,8.4,6.7,6.7,115339,1.3,198910,8.4,6.7,0,不景気
55.6,1,104,79.6,107.4,121.6,129.7,7.3,7.3,8,8,116998,1.3,198911,7.3,8,1,好景気
100,1,104.4,80.4,107.3,122,131.2,8.6,8.6,9.7,9.7,118656,1.3,198912,8.6,9.7,1,好景気
88.9,0,103.5,79.4,108.7,123.2,131.8,10.8,10.8,8.1,8.1,116728,1.3,19901,10.8,8.1,0,不景気
77.8,1,104.4,80.3,108.4,122.1,132.2,10.2,10.2,7.6,7.6,114799,1.4,19902,10.2,7.6,1,好景気
66.7,1,106.4,81.5,114.6,123.3,132.9,4,4,2.3,2.3,112871,1.4,19903,4,2.3,1,好景気
83.3,0,106.4,81.7,108.7,122.8,133.3,11.9,11.9,13.3,13.3,115822,1.4,19904,11.9,13.3,0,不景気
88.9,1,107.2,82.6,114.2,123.1,134,8.8,8.8,14.6,14.6,118772,1.4,19905,8.8,14.6,1,好景気
88.9,1,107.4,82.3,115.9,122.9,137.5,10.6,10.6,11.2,11.2,121723,1.4,19906,10.6,11.2,1,好景気
66.7,1,108.5,83.1,114.4,121.6,137.4,8.6,8.6,13.1,13.1,123256,1.5,19907,8.6,13.1,1,好景気
66.7,1,109.1,84,117.3,121.2,134.8,8.2,8.2,9.7,9.7,124788,1.4,19908,8.2,9.7,1,好景気
44.4,0,108.5,83.7,111.5,121.2,134.5,8.1,8.1,10,10,126321,1.4,19909,8.1,10,0,不景気
55.6,1,110.6,85.2,118.4,121.5,137.9,7.6,7.6,12.8,12.8,126947,1.4,199010,7.6,12.8,1,好景気
77.8,0,109.8,84.5,115,122,136.7,7.1,7.1,10.4,10.4,127573,1.5,199011,7.1,10.4,0,不景気
83.3,0,109.8,84.5,117.3,122.4,137.8,6.3,6.3,11.7,11.7,128199,1.4,199012,6.3,11.7,0,不景気
27.8,1,110.8,85.3,115.5,119.8,137.2,7.5,7.5,12.8,12.8,127256,1.4,19911,7.5,12.8,1,好景気
44.4,1,111,85.5,115.8,119,137.5,5.9,5.9,10.2,10.2,126312,1.4,19912,5.9,10.2,1,好景気
22.2,0,109.8,85.2,112.8,117.3,137.1,6.2,6.2,6.4,6.4,125369,1.4,19913,6.2,6.4,0,不景気
11.1,1,110.3,85.1,114.8,116.9,138.2,5.9,5.9,5.4,5.4,124071,1.4,19914,5.9,5.4,1,好景気
50,1,111.4,86,115,115.5,139.4,7.2,7.2,4.3,4.3,122774,1.4,19915,7.2,4.3,1,好景気
16.7,0,108,83.8,111.2,114.7,136.2,6.9,6.9,2.1,2.1,121476,1.4,19916,6.9,2.1,0,不景気
55.6,1,110.6,85.5,117.1,114,135.5,8,8,4.5,4.5,120825,1.4,19917,8,4.5,1,好景気
22.2,0,109,84.1,117.1,112.8,136,7.4,7.4,3.4,3.4,120173,1.4,19918,7.4,3.4,0,不景気
33.3,0,108.9,84.2,116.7,111.8,135.5,6.1,6.1,1.1,1.1,119522,1.4,19919,6.1,1.1,0,不景気
0,0,108.2,83.7,115.7,111.5,130.5,5.3,5.3,0.2,0.2,118485,1.4,199110,5.3,0.2,0,不景気
11.1,1,108.9,84.5,116.9,112.2,133.3,5.9,5.9,0.6,0.6,117447,1.3,199111,5.9,0.6,1,好景気
0,0,107.4,82.8,113.4,108.5,131.7,3.7,3.7,-1.7,1.7,116410,1.3,199112,3.7,1.7,0,不景気
22.2,0,106.5,82.6,115.8,105.6,125.9,5.7,5.7,-1.5,1.5,114520,1.3,19921,5.7,1.5,0,不景気
5.6,0,106.1,82.3,115.1,104.1,128.5,5.9,5.9,-0.9,0.9,112630,1.2,19922,5.9,0.9,0,不景気
5.6,0,104.4,80.9,113.4,102.3,127.1,0.9,0.9,-2.1,2.1,110740,1.2,19923,0.9,2.1,0,不景気
0,0,104.1,80.6,110.4,100.4,124.3,3.6,3.6,-1.6,1.6,105854,1.1,19924,3.6,1.6,0,不景気
0,0,101.6,79.4,107.4,99.3,121.4,2.1,2.1,-6.6,6.6,100969,1.1,19925,2.1,6.6,0,不景気
27.8,1,103.9,81.4,108.3,97.8,123.2,1.7,1.7,-2.1,2.1,96083,1.1,19926,1.7,2.1,1,好景気
11.1,0,103.5,81.3,107,96.8,123.2,0.6,0.6,-5.6,5.6,95288,1.1,19927,0.6,5.6,0,不景気
11.1,0,100.3,78.5,103,95,119.3,-0.6,0.6,-5.7,5.7,94492,1.1,19928,0.6,5.7,0,不景気
33.3,1,104.4,81.3,111.7,94.1,127,0.1,0.1,-3.9,3.9,93697,1,19929,0.1,3.9,1,好景気
0,0,101,78.6,102.8,94.1,121.4,-1.9,1.9,-5.8,5.8,91148,1,199210,1.9,5.8,0,不景気
0,0,99.6,78.1,102.6,92.3,116.7,-3.4,3.4,-8.5,8.5,88599,1,199211,3.4,8.5,0,不景気
0,0,99,78,103.1,91.1,116.2,-1.9,1.9,-7.5,7.5,86050,0.9,199212,1.9,7.5,0,不景気
33.3,1,100.8,79.4,111.4,91.5,119.6,-2.7,2.7,-8.4,8.4,87781,0.9,19931,2.7,8.4,1,好景気
77.8,1,101.9,79.6,106.6,90.5,120.8,-2.7,2.7,-6.1,6.1,89511,0.9,19932,2.7,6.1,1,好景気
55.6,0,97.8,77.5,104.5,89.1,117.5,-0.6,0.6,-3.2,3.2,91242,0.9,19933,0.6,3.2,0,不景気
22.2,1,99.6,78.5,104.8,86.9,117.3,-2.3,2.3,-4.4,4.4,89589,0.8,19934,2.3,4.4,1,好景気
22.2,1,100.9,80.3,106.7,87.4,115.4,-2.8,2.8,-6.9,6.9,87935,0.8,19935,2.8,6.9,1,好景気
22.2,0,99.1,78.8,102.7,87.2,115.8,-2.3,2.3,-7.5,7.5,86282,0.8,19936,2.3,7.5,0,不景気
16.7,1,99.6,79.1,100.8,86.8,115,-3,3,-5.9,5.9,84177,0.7,19937,3,5.9,1,好景気
22.2,0,98.7,79,104.8,86.1,114.5,-1.5,1.5,-5.3,5.3,82071,0.7,19938,1.5,5.3,0,不景気
44.4,0,98.7,78.9,107.4,85.7,115.1,-0.7,0.7,-5.2,5.2,79966,0.7,19939,0.7,5.2,0,不景気
11.1,0,97.4,78.3,100.4,84.2,112.4,-0.8,0.8,-7.1,7.1,79016,0.7,199310,0.8,7.1,0,不景気
22.2,0,97.3,77.7,96.6,83.2,113.5,-1,1,-4.3,4.3,78066,0.7,199311,1,4.3,0,不景気
11.1,0,96.5,77.5,96.1,82.1,113.6,-2.7,2.7,-3.9,3.9,77116,0.7,199312,2.7,3.9,0,不景気
44.4,0,95.4,77.1,95.1,83.8,112.9,1.3,1.3,-3.3,3.3,77508,0.7,19941,1.3,3.3,0,不景気
44.4,1,97,78,98.8,81.7,112.6,-0.8,0.8,-4.9,4.9,77900,0.6,19942,0.8,4.9,1,好景気
88.9,1,97.9,79.7,100,83.3,115.3,0.1,0.1,-2.9,2.9,78292,0.7,19943,0.1,2.9,1,好景気
61.1,1,99,80,98,83.5,115.2,-1.3,1.3,-3.7,3.7,80175,0.7,19944,1.3,3.7,1,好景気
77.8,0,98.6,79.6,96.9,83.9,117,0.2,0.2,-2.7,2.7,82059,0.6,19945,0.2,2.7,0,不景気
77.8,1,99.9,81.2,99.3,84.8,116.2,0.5,0.5,-1.1,1.1,83942,0.6,19946,0.5,1.1,1,好景気
88.9,1,100.8,81.7,102.8,85,117,3.4,3.4,-1.4,1.4,85554,0.6,19947,3.4,1.4,1,好景気
100,1,101.6,82.1,98.7,84.8,120.1,3.1,3.1,-0.2,0.2,87165,0.6,19948,3.1,0.2,1,好景気
77.8,0,101,82.1,99.4,85.4,114.7,1.2,1.2,-2.2,2.2,88777,0.7,19949,1.2,2.2,0,不景気
77.8,1,102,83.3,101.4,86.5,118,0.7,0.7,-1.3,1.3,89637,0.7,199410,0.7,1.3,1,好景気
72.2,1,102.6,84.1,103.1,86.8,118.3,2.1,2.1,1.4,1.4,90497,0.6,199411,2.1,1.4,1,好景気
88.9,1,103.2,84.9,102,88.6,123.4,1.8,1.8,-0.5,0.5,91357,0.6,199412,1.8,0.5,1,好景気
33.3,0,100.6,83.6,91.6,87.6,119.1,-0.1,0.1,-3.1,3.1,90590,0.6,19951,0.1,3.1,0,不景気
44.4,1,102.7,84.9,99.6,88.1,117,1.7,1.7,-0.6,0.6,89824,0.7,19952,1.7,0.6,1,好景気
33.3,1,103.7,85.4,100,88.2,120.5,0.9,0.9,-1.3,1.3,89057,0.7,19953,0.9,1.3,1,好景気
88.9,1,105,86.2,103.1,89,123.2,0.3,0.3,-2.1,2.1,88806,0.7,19954,0.3,2.1,1,好景気
55.6,0,102.9,85.4,97.9,88.4,122.1,0.3,0.3,-0.3,0.3,88555,0.6,19955,0.3,0.3,0,不景気
22.2,1,103.2,85.7,99,87.7,121.1,0.4,0.4,-2.5,2.5,88304,0.6,19956,0.4,2.5,1,好景気
11.1,0,101.6,83.5,94.4,87,121.9,-1.8,1.8,-3.6,3.6,89454,0.6,19957,1.8,3.6,0,不景気
33.3,1,102.5,84.7,98.6,88.6,121.8,-0.7,0.7,-2.8,2.8,90603,0.6,19958,0.7,2.8,1,好景気
44.4,0,101.6,84.2,95.3,88,122.3,0.4,0.4,-3.3,3.3,91753,0.6,19959,0.4,3.3,0,不景気
100,1,102.9,84.5,94.6,87.1,124.5,-0.7,0.7,-2.8,2.8,92547,0.6,199510,0.7,2.8,1,好景気
61.1,1,103.7,85.1,96.9,88,126.2,0,0,-3,3,93342,0.6,199511,0,3,1,好景気
77.8,1,105,86.6,97.9,89,127.4,-0.5,0.5,-3.4,3.4,94136,0.6,199512,0.5,3.4,1,好景気
77.8,0,103.1,84.3,91.3,89.8,124.7,1.5,1.5,-0.6,0.6,94717,0.7,19961,1.5,0.6,0,不景気
66.7,1,103.3,84.2,99.3,92.1,124.3,3.7,3.7,0.3,0.3,95298,0.7,19962,3.7,0.3,1,好景気
55.6,0,103.1,84,97.1,94.2,128.3,1.2,1.2,-5.3,5.3,95879,0.7,19963,1.2,5.3,0,不景気
66.7,1,103.3,83.8,98.6,92.7,130.7,1,1,-1.4,1.4,97415,0.7,19964,1,1.4,1,好景気
66.7,1,104.1,84.5,99.2,93.4,131.2,0.9,0.9,-0.9,0.9,98950,0.7,19965,0.9,0.9,1,好景気
55.6,1,104.2,83.7,99.4,93.4,132.9,0.3,0.3,-6.1,6.1,100486,0.7,19966,0.3,6.1,1,好景気
66.7,1,105,84.5,102.3,94.5,132.7,-0.8,0.8,-2.2,2.2,98716,0.7,19967,0.8,2.2,1,好景気
66.7,1,105.5,85.3,100.1,95,134.4,-0.8,0.8,-5,5,96947,0.7,19968,0.8,5,1,好景気
88.9,1,106.6,85.7,104.1,95.2,135.4,0.4,0.4,-4,4,95177,0.7,19969,0.4,4,1,好景気
100,1,107,86.3,105.5,96.4,137,2,2,0.7,0.7,96410,0.7,199610,2,0.7,1,好景気
100,1,107.4,86.8,107.7,97.3,138,2.9,2.9,-1.4,1.4,97644,0.7,199611,2.9,1.4,1,好景気
100,1,108.4,88,108,96.8,136.6,0.6,0.6,0.1,0.1,98877,0.7,199612,0.6,0.1,1,好景気
88.9,1,109.8,89.2,114,95.3,141,2.1,2.1,2.6,2.6,102275,0.7,19971,2.1,2.6,1,好景気
83.3,1,110.1,89.3,107.9,97.6,140.6,1.9,1.9,-0.4,0.4,105673,0.7,19972,1.9,0.4,1,好景気
94.4,1,110.8,90.2,110.2,98.2,138.9,12.4,12.4,4.6,4.6,109071,0.7,19973,12.4,4.6,1,好景気
16.7,0,107.9,87.8,111.2,99.6,133.9,-3.8,3.8,-4.2,4.2,107386,0.7,19974,3.8,4.2,0,不景気
50,1,111,90.2,111.5,98.4,136.2,-1.3,1.3,-0.7,0.7,105702,0.7,19975,1.3,0.7,1,好景気
27.8,0,110.2,89.9,112.2,98.6,138.3,-2.1,2.1,0.7,0.7,104017,0.7,19976,2.1,0.7,0,不景気
72.2,1,110.9,90.4,111.5,98.6,136.7,-2.2,2.2,-0.6,0.6,101719,0.7,19977,2.2,0.6,1,好景気
33.3,0,110.3,90.4,110.4,97.2,139.7,-0.7,0.7,-0.8,0.8,99421,0.7,19978,0.7,0.8,0,不景気
0,0,109.4,89.8,110.5,96.8,135.4,-2.6,2.6,-0.1,0.1,97123,0.7,19979,2.6,0.1,0,不景気
11.1,0,108.6,89.6,108.7,95.8,134.9,-1.4,1.4,-1.5,1.5,94896,0.7,199710,1.4,1.5,0,不景気
0,0,107.2,88.1,104.5,95.6,133.3,-5.1,5.1,-6.6,6.6,92669,0.7,199711,5.1,6.6,0,不景気
0,0,106.2,87.7,106.8,94.2,131.3,-4.9,4.9,-4.4,4.4,90442,0.7,199712,4.9,4.4,0,不景気
11.1,1,107.7,87.5,107.7,93.4,135.5,-3.5,3.5,-4.8,4.8,86036,0.6,19981,3.5,4.8,1,好景気
22.2,0,105,86.2,105.5,91.7,131.9,-7.4,7.4,-6,6,81630,0.6,19982,7.4,6,0,不景気
0,0,102.8,84,101.4,89.8,130.3,-14.3,14.3,-8.6,8.6,77224,0.6,19983,14.3,8.6,0,不景気
11.1,0,102.2,84.5,103.5,89.2,129.5,-1.6,1.6,-5.2,5.2,75701,0.6,19984,1.6,5.2,0,不景気
11.1,0,101.3,84.6,103.2,88.6,127.1,-3.1,3.1,-8.2,8.2,74177,0.5,19985,3.1,8.2,0,不景気
44.4,1,101.4,84.2,102.8,88.4,124.3,-4.5,4.5,-5.6,5.6,72654,0.5,19986,4.5,5.6,1,好景気
33.3,0,101.2,84,106.1,87.3,125.7,-4.6,4.6,-4.8,4.8,74358,0.5,19987,4.6,4.8,0,不景気
22.2,0,99,82.5,102.3,87,121,-5.1,5.1,-7.1,7.1,76063,0.5,19988,5.1,7.1,0,不景気
38.9,1,100.6,84.2,103.8,86.8,125.6,-4.7,4.7,-9.3,9.3,77767,0.5,19989,4.7,9.3,1,好景気
11.1,0,100,83.1,104.8,88.1,121.5,-6.5,6.5,-7.3,7.3,75665,0.5,199810,6.5,7.3,0,不景気
55.6,0,99.6,83.7,104.8,85.6,119.2,-3,3,-4.4,4.4,73564,0.5,199811,3,4.4,0,不景気
33.3,0,99.4,83.5,105.9,87.7,119.6,-4.9,4.9,-6.2,6.2,71462,0.5,199812,4.9,6.2,0,不景気
61.1,1,100.6,85.1,108.3,86.4,120.6,-6.2,6.2,-9.7,9.7,73776,0.5,19991,6.2,9.7,1,好景気
66.7,0,100.6,85,104.7,85.8,119.4,-3.9,3.9,-8.2,8.2,76091,0.5,19992,3.9,8.2,0,不景気
72.2,1,102.3,87.1,105.9,86.3,120.2,-3.9,3.9,-7.7,7.7,78405,0.5,19993,3.9,7.7,1,好景気
55.6,0,100.1,86,103.2,86.7,117,-2.3,2.3,-4.9,4.9,79269,0.5,19994,2.3,4.9,0,不景気
88.9,1,102,86.9,107.4,86.4,120.7,-3.5,3.5,-7.1,7.1,80132,0.5,19995,3.5,7.1,1,好景気
38.9,0,101.1,87.1,104.6,85.4,120,-2.2,2.2,-5.4,5.4,80996,0.5,19996,2.2,5.4,0,不景気
72.2,1,101.9,88,104.7,86.8,121.2,-2.6,2.6,-6.7,6.7,84699,0.5,19997,2.6,6.7,1,好景気
83.3,1,102.4,88.6,106.5,88,120.7,-1.7,1.7,-3.7,3.7,88401,0.5,19998,1.7,3.7,1,好景気
88.9,1,103.2,90.2,108,88.8,122.2,-1.9,1.9,-7.4,7.4,92104,0.5,19999,1.9,7.4,1,好景気
77.8,1,103.3,91,108.4,89.1,120.2,-0.4,0.4,-8.5,8.5,93045,0.5,199910,0.4,8.5,1,好景気
77.8,1,104.6,91.9,109.9,89.1,123.3,-3,3,-4.8,4.8,93987,0.5,199911,3,4.8,1,好景気
88.9,0,104.4,91.5,108.8,89.6,120.3,-1.4,1.4,-4.3,4.3,94928,0.5,199912,1.4,4.3,0,不景気
77.8,0,104.4,91.1,107.4,89.3,122.1,-1.7,1.7,-4.6,4.6,98255,0.5,20001,1.7,4.6,0,不景気
50,0,104.1,91.6,109.3,89.1,122.1,0.1,0.1,-1.8,1.8,101581,0.5,20002,0.1,1.8,0,不景気
77.8,1,105.9,92.9,109.9,91.6,124.3,-3.3,3.3,-5.9,5.9,104908,0.5,20003,3.3,5.9,1,好景気
66.7,1,107.3,95.3,115.4,91.5,125.4,-3.3,3.3,-5.6,5.6,104260,0.6,20004,3.3,5.6,1,好景気
77.8,0,106.9,94.9,112.4,92.1,123.5,-2.3,2.3,-1.4,1.4,103612,0.6,20005,2.3,1.4,0,不景気
88.9,1,108.5,95.9,115.2,91.8,128.1,-0.9,0.9,-1.5,1.5,102964,0.6,20006,0.9,1.5,1,好景気
88.9,0,107.9,95.9,112.8,93.1,126.6,-0.4,0.4,-5.2,5.2,104319,0.6,20007,0.4,5.2,0,不景気
100,1,109.4,96.9,114.5,93.4,132.3,-0.9,0.9,-1,1,105674,0.6,20008,0.9,1,1,好景気
33.3,0,107.2,95.1,112.4,94.3,127.9,-1.2,1.2,-5.6,5.6,107029,0.6,20009,1.2,5.6,0,不景気
88.9,1,108.9,96.3,113.1,93.7,130.4,-2.1,2.1,-0.9,0.9,109839,0.6,200010,2.1,0.9,1,好景気
44.4,1,109.3,96.4,113,94.5,130,-0.8,0.8,-1.6,1.6,112650,0.7,200011,0.8,1.6,1,好景気
88.9,1,110.7,96.6,116.6,93.3,132.7,-0.8,0.8,1,1,115460,0.7,200012,0.8,1,1,好景気
33.3,0,106,93,108.7,93.6,128.5,1.4,1.4,-0.1,0.1,110450,0.7,20011,1.4,0.1,0,不景気
33.3,1,107.2,93.5,113.1,92.8,130.1,-0.5,0.5,-3.7,3.7,105440,0.6,20012,0.5,3.7,1,好景気
11.1,0,105.4,91.5,113.7,91.9,125.4,1.7,1.7,-4.3,4.3,100430,0.6,20013,1.7,4.3,0,不景気
11.1,0,104.3,89.7,112.1,90.3,125,-1.2,1.2,-3.2,3.2,99724,0.6,20014,1.2,3.2,0,不景気
11.1,0,102.2,87.7,110.2,89.8,121.7,-1.3,1.3,-3.2,3.2,99019,0.6,20015,1.3,3.2,0,不景気
11.1,0,101,86.9,111,89.8,120.7,-2.1,2.1,-4.2,4.2,98313,0.6,20016,2.1,4.2,0,不景気
0,0,99.4,85.7,111.1,88.4,116.4,-2.6,2.6,-4.9,4.9,93122,0.6,20017,2.6,4.9,0,不景気
11.1,0,98.2,84.8,111.7,87.7,112.7,-3.4,3.4,-6.9,6.9,87930,0.6,20018,3.4,6.9,0,不景気
5.6,0,96.2,83.9,107.8,86.5,110.8,-2.1,2.1,-8.9,8.9,82739,0.6,20019,2.1,8.9,0,不景気
0,0,96.1,82.8,110.5,86.2,109.2,-4.3,4.3,-6.9,6.9,81341,0.5,200110,4.3,6.9,0,不景気
11.1,0,94.5,82.2,104.6,84.9,109,-2.4,2.4,-8.2,8.2,79944,0.5,200111,2.4,8.2,0,不景気
0,1,95.5,83.3,102.7,85.2,110,-5.2,5.2,-9,9,78546,0.5,200112,5.2,9,1,好景気
33.3,0,94.8,83.7,105.9,85.8,107.8,-4.2,4.2,-8.8,8.8,79154,0.5,20021,4.2,8.8,0,不景気
55.6,1,96.3,85.8,108.5,86.4,107.3,-5.9,5.9,-9.1,9.1,79761,0.5,20022,5.9,9.1,1,好景気
77.8,1,97.1,87.4,107.3,87.3,108.2,-4.9,4.9,-10.2,10.2,80369,0.5,20023,4.9,10.2,1,好景気
88.9,0,96.5,89,107.7,89.1,103,-4.1,4.1,-4.8,4.8,82820,0.5,20024,4.1,4.8,0,不景気
100,1,100.7,92.5,114,90.5,110.5,-2.8,2.8,-4.9,4.9,85271,0.5,20025,2.8,4.9,1,好景気
88.9,0,99.6,90.6,109.8,89.8,105.8,-3.1,3.1,-7.3,7.3,87722,0.5,20026,3.1,7.3,0,不景気
77.8,1,100.3,91,110.2,89,105.3,-5.1,5.1,-3.8,3.8,88921,0.5,20027,5.1,3.8,1,好景気
44.4,1,100.6,92.1,112.4,90.6,109,-1.6,1.6,-5.3,5.3,90120,0.6,20028,1.6,5.3,1,好景気
100,1,101.3,92.9,114.1,90.5,109.8,-2.3,2.3,-4.2,4.2,91319,0.6,20029,2.3,4.2,1,好景気
88.9,1,101.4,93.1,113.3,91.7,108,-2.1,2.1,-2.5,2.5,90746,0.6,200210,2.1,2.5,1,好景気
77.8,0,101,92.9,118.7,92.4,107.6,-1.2,1.2,-1.2,1.2,90174,0.6,200211,1.2,1.2,0,不景気
44.4,0,100.9,92.1,113.7,92.5,105.8,-2.2,2.2,-2.6,2.6,89601,0.6,200212,2.2,2.6,0,不景気
83.3,1,101.4,94.9,114.2,93,106.2,-1.3,1.3,-0.5,0.5,90334,0.6,20031,1.3,0.5,1,好景気
83.3,0,101,95,113,93.7,108.2,1,1,0.5,0.5,91066,0.6,20032,1,0.5,0,不景気
88.9,1,101.6,94.8,110.5,93.5,108.1,0.4,0.4,0.5,0.5,91799,0.6,20033,0.4,0.5,1,好景気
50,0,100.3,94,113.4,93,102.1,-1.1,1.1,-0.2,0.2,91883,0.6,20034,1.1,0.2,0,不景気
61.1,1,101.7,95.1,113,94.5,105.1,-0.3,0.3,0.1,0.1,91967,0.6,20035,0.3,0.1,1,好景気
55.6,0,100.9,94.4,113.1,93.8,105.7,-0.1,0.1,1.6,1.6,92051,0.6,20036,0.1,1.6,0,不景気
77.8,1,101.6,95.6,112.2,94.5,105.1,-0.7,0.7,-1.2,1.2,94370,0.6,20037,0.7,1.2,1,好景気
61.1,0,100.3,95.5,113,95.4,105,0.2,0.2,-0.4,0.4,96688,0.7,20038,0.2,0.4,0,不景気
88.9,1,103.2,96.9,116.4,96.3,108.9,0.3,0.3,1.3,1.3,99007,0.7,20039,0.3,1.3,1,好景気
100,1,105,99.6,117.2,96.5,111.8,2.4,2.4,3.9,3.9,102509,0.7,200310,2.4,3.9,1,好景気
77.8,0,104.7,98.9,115.7,96.9,108.6,-1.1,1.1,-2.3,2.3,106010,0.7,200311,1.1,2.3,0,不景気
100,0,104.6,100.1,117.7,97.6,110.1,1.7,1.7,2.9,2.9,109512,0.8,200312,1.7,2.9,0,不景気
88.9,1,106.3,102.2,118.2,97.6,114.2,3.3,3.3,3.5,3.5,111344,0.8,20041,3.3,3.5,1,好景気
100,0,106.1,101.3,116.5,97.6,113,4.1,4.1,2.3,2.3,113177,0.8,20042,4.1,2.3,0,不景気
55.6,0,105.6,100,116.4,98.4,113.1,0.6,0.6,2.1,2.1,115009,0.8,20043,0.6,2.1,0,不景気
55.6,1,107.4,101.9,115.9,97.5,114.6,1.1,1.1,5,5,116920,0.8,20044,1.1,5,1,好景気
77.8,0,107.4,103,117.7,97.9,116.2,-0.4,0.4,-1.2,1.2,118831,0.8,20045,0.4,1.2,0,不景気
77.8,1,107.7,102.9,117.2,97.8,117.1,-0.9,0.9,5.2,5.2,120742,0.8,20046,0.9,5.2,1,好景気
100,1,109,103.3,123.2,98.2,118.6,2.6,2.6,6,6,121545,0.8,20047,2.6,6,1,好景気
72.2,0,107.8,102.3,114.4,98.6,117.1,-0.4,0.4,4.9,4.9,122347,0.8,20048,0.4,4.9,0,不景気
77.8,1,108,102.3,117.5,97.9,117.4,0.7,0.7,1.3,1.3,123150,0.9,20049,0.7,1.3,1,好景気
22.2,0,106.4,101.5,118.2,96.7,115.4,-0.1,0.1,0,0,123413,0.9,200410,0.1,0,0,不景気
66.7,1,107.4,102.5,120.2,97.9,116.2,1.2,1.2,5.1,5.1,123675,0.9,200411,1.2,5.1,1,好景気
33.3,0,106,100.5,116.7,98.2,117.1,-0.5,0.5,1,1,123938,0.9,200412,0.5,1,0,不景気
88.9,1,108.4,102.2,116.5,98.3,117.5,2.6,2.6,0.6,0.6,125981,0.9,20051,2.6,0.6,1,好景気
27.8,0,108.2,101.9,118.6,97.8,114.9,-3,3,-0.4,0.4,128025,0.9,20052,3,0.4,0,不景気
77.8,1,108.6,102.8,118.9,95.6,117.5,-0.2,0.2,-4.1,4.1,130068,0.9,20053,0.2,4.1,1,好景気
66.7,1,109.1,103.5,125.4,98.2,119.5,3.5,3.5,-1.9,1.9,128963,0.9,20054,3.5,1.9,1,好景気
66.7,0,108.4,102.6,118,98.1,116.8,2.6,2.6,-1.7,1.7,127857,0.9,20055,2.6,1.7,0,不景気
88.9,1,108.7,104.4,120.7,98.8,118,2.8,2.8,-3.1,3.1,126752,1,20056,2.8,3.1,1,好景気
22.2,0,107.8,103.4,120.7,98.9,116.9,0.3,0.3,-4.8,4.8,126493,1,20057,0.3,4.8,0,不景気
66.7,1,107.9,103.7,118.9,98.5,120.6,1.3,1.3,0.5,0.5,126233,1,20058,1.3,0.5,1,好景気
61.1,1,108.9,105.5,122.7,97.6,118.5,-0.1,0.1,-3.1,3.1,125974,1,20059,0.1,3.1,1,好景気
77.8,0,108.4,105.7,122.8,98.2,119.2,-0.6,0.6,-1.9,1.9,127193,1,200510,0.6,1.9,0,不景気
66.7,1,110.1,106.1,122,97.8,122.1,0.4,0.4,0.4,0.4,128412,1,200511,0.4,0.4,1,好景気
100,1,110.3,106.2,125.4,100.5,123.5,1.1,1.1,0.9,0.9,129631,1,200512,1.1,0.9,1,好景気
100,1,110.8,106.7,127.3,100.8,120.5,-0.5,0.5,2.9,2.9,130679,1,20061,0.5,2.9,1,好景気
88.9,0,110.7,106.6,126.8,100.5,120.1,1.1,1.1,2.5,2.5,131726,1,20062,1.1,2.5,0,不景気
66.7,1,111.3,107.1,129.9,100.7,120.5,1,1,-0.5,0.5,132774,1.1,20063,1,0.5,1,好景気
66.7,1,113.5,108,135.2,101.5,123.9,-0.9,0.9,0.9,0.9,132642,1.1,20064,0.9,0.9,1,好景気
66.7,0,111.9,106.5,130.8,101.5,122.9,0,0,4.5,4.5,132511,1.1,20065,0,4.5,0,不景気
66.7,1,113.3,108.7,129.2,102,126.2,0.1,0.1,1.7,1.7,132379,1.1,20066,0.1,1.7,1,好景気
77.8,1,113.7,109.5,130.9,101.9,123.7,-0.2,0.2,2.3,2.3,134571,1.1,20067,0.2,2.3,1,好景気
72.2,1,114.1,111,132,101.7,122.4,0.8,0.8,3,3,136762,1.1,20068,0.8,3,1,好景気
61.1,0,114.1,109.9,131.2,101,123.1,0.5,0.5,0,0,138954,1.1,20069,0.5,0,0,不景気
61.1,1,115,110,130.8,101,125.2,-0.2,0.2,4,4,139920,1.1,200610,0.2,4,1,好景気
55.6,1,115.4,110.9,135.4,102.2,124.3,-0.4,0.4,1.1,1.1,140885,1.1,200611,0.4,1.1,1,好景気
66.7,1,115.7,111.4,133.8,102.1,124,-0.3,0.3,-0.8,0.8,141851,1.1,200612,0.3,0.8,1,好景気
50,0,114.4,110.7,134,102.6,124.9,-1,1,-0.3,0.3,144063,1.1,20071,1,0.3,0,不景気
55.6,1,115.1,111,134.1,103.4,126.3,-0.2,0.2,0.2,0.2,146275,1.1,20072,0.2,0.2,1,好景気
33.3,0,115.1,111.5,133.4,103.5,120.1,-0.6,0.6,-2,2,148487,1.1,20073,0.6,2,0,不景気
66.7,0,114.6,111.5,133.6,105.1,123.1,0.1,0.1,2.3,2.3,145653,1.1,20074,0.1,2.3,0,不景気
77.8,1,115.9,112.3,135.4,103.8,124.9,0.8,0.8,4.6,4.6,142819,1.1,20075,0.8,4.6,1,好景気
88.9,1,116,112.6,138.2,104.4,124.4,0.3,0.3,2.8,2.8,139985,1.1,20076,0.3,2.8,1,好景気
44.4,1,116.1,112.8,129.3,103.2,125.6,-1.5,1.5,3.8,3.8,139396,1.1,20077,1.5,3.8,1,好景気
44.4,1,119.1,115.3,147,103.2,124.8,1.2,1.2,2,2,138806,1.1,20078,1.2,2,1,好景気
44.4,0,117.2,114.6,139.8,104.1,122.9,1.2,1.2,0.1,0.1,138217,1,20079,1.2,0.1,0,不景気
66.7,1,119.4,117.3,142.8,103.9,123.1,1.5,1.5,4.6,4.6,136436,1,200710,1.5,4.6,1,好景気
44.4,0,117.7,115.6,142.3,103.9,121.9,2.1,2.1,4,4,134654,1,200711,2.1,4,0,不景気
50,1,118.5,117.2,145.5,103.9,122.9,0.8,0.8,2.4,2.4,132873,1,200712,0.8,2.4,1,好景気
22.2,1,119.1,116.6,147.4,102.9,120.6,1.9,1.9,4.4,4.4,131772,1,20081,1.9,4.4,1,好景気
66.7,1,119.4,116.9,145,106.3,120.5,3.5,3.5,6.4,6.4,130672,1,20082,3.5,6.4,1,好景気
22.2,0,118.3,116.2,144.5,106.3,119.9,1.6,1.6,2,2,129571,1,20083,1.6,2,0,不景気
22.2,0,117.6,113.5,145.2,104.1,118.5,-0.1,0.1,5.6,5.6,128668,1,20084,0.1,5.6,0,不景気
11.1,1,118.2,113.6,142.1,104,123.3,0.3,0.3,4.9,4.9,127766,1,20085,0.3,4.9,1,好景気
11.1,0,114.9,110.4,134.5,102.4,116.5,0.3,0.3,4.9,4.9,126863,0.9,20086,0.3,4.9,0,不景気
22.2,0,114.7,110.5,133.8,101.7,113.9,2.1,2.1,11,11,120592,0.9,20087,2.1,11,0,不景気
11.1,0,110.7,105.9,127.9,100.1,111.5,0.7,0.7,3.3,3.3,114321,0.9,20088,0.7,3.3,0,不景気
0,1,112,106.3,126.8,100,111.3,-0.3,0.3,3.9,3.9,108050,0.8,20089,0.3,3.9,1,好景気
0,0,109.3,102.7,121.4,98.5,110,-0.6,0.6,-1.7,1.7,90548,0.8,200810,0.6,1.7,0,不景気
0,0,102,93.3,113.4,95,103.1,-0.7,0.7,-11.3,11.3,73045,0.8,200811,0.7,11.3,0,不景気
0,0,93.6,83.8,102.1,89.8,98.2,-2.6,2.6,-14.3,14.3,55543,0.7,200812,2.6,14.3,0,不景気
0,0,85.3,74.2,84.7,85.2,94.6,-2,2,-20.3,20.3,43764,0.6,20091,2,20.3,0,不景気
0,0,78,69,81.8,79.3,88.3,-5.4,5.4,-26.7,26.7,31984,0.6,20092,5.4,26.7,0,不景気
0,1,79,71.6,82.5,78,87.3,-3.6,3.6,-29.4,29.4,20205,0.5,20093,3.6,29.4,1,好景気
22.2,1,82.5,76,82.7,80.5,79.6,-2.7,2.7,-28.2,28.2,30647,0.5,20094,2.7,28.2,1,好景気
66.7,1,85.5,79.8,92.6,81.8,78.7,-2.7,2.7,-30.8,30.8,41089,0.5,20095,2.7,30.8,1,好景気
77.8,1,87.1,83.1,96.4,82.2,78,-3,3,-28.9,28.9,51531,0.4,20096,3,28.9,1,好景気
66.7,1,88.3,85.2,95,83.9,76.7,-2.5,2.5,-30.1,30.1,61043,0.4,20097,2.5,30.1,1,好景気
88.9,1,89.6,87,96.6,85.2,80.4,-1.7,1.7,-28.1,28.1,70554,0.4,20098,1.7,28.1,1,好景気
88.9,1,92.6,91,102.6,86.4,81.7,-1.3,1.3,-27.2,27.2,80066,0.4,20099,1.3,27.2,1,好景気
100,1,95,93.5,107.9,88.7,81.8,-1,1,-24.1,24.1,85455,0.4,200910,1,24.1,1,好景気
100,1,97,95.4,112.7,88.7,82.2,-1.2,1.2,-18.1,18.1,90845,0.4,200911,1.2,18.1,1,好景気
100,1,97.8,98,113.3,90.1,84,-0.3,0.3,-13.6,13.6,96234,0.4,200912,0.3,13.6,1,好景気
88.9,1,100.3,102.8,118,92.1,86.6,2,2,-4.8,4.8,96047,0.5,20101,2,4.8,1,好景気
88.9,1,100.7,102.6,120.8,92.5,90.2,3.9,3.9,-1.1,1.1,95860,0.5,20102,3.9,1.1,1,好景気
88.9,1,100.9,103,122.6,93.6,90.8,4.5,4.5,2.8,2.8,95673,0.5,20103,4.5,2.8,1,好景気
88.9,1,102,102,120.6,95.3,91.8,4.6,4.6,4.4,4.4,102284,0.5,20104,4.6,4.4,1,好景気
55.6,0,101.8,102.4,114.7,94.1,88.8,2.8,2.8,1.9,1.9,108896,0.5,20105,2.8,1.9,0,不景気
55.6,0,101,99.7,114.1,93.7,92.2,3.3,3.3,1.7,1.7,115507,0.5,20106,3.3,1.7,0,不景気
44.4,1,102.1,100,112.5,93.9,93.1,4.3,4.3,1.2,1.2,116125,0.5,20107,4.3,1.2,1,好景気
88.9,1,102.5,99.8,116.1,94.6,93.2,4.6,4.6,2.5,2.5,116744,0.5,20108,4.6,2.5,1,好景気
66.7,1,104.1,99.4,118.4,93.5,95.1,1.9,1.9,2.7,2.7,117362,0.6,20109,1.9,2.7,1,好景気
55.6,0,101.2,98.1,114.8,93.3,96.7,0.6,0.6,1.5,1.5,119451,0.6,201010,0.6,1.5,0,不景気
88.9,1,102.8,101.3,118.2,94.8,97.3,2.1,2.1,7.3,7.3,121541,0.6,201011,2.1,7.3,1,好景気
77.8,1,103.4,102.4,118.5,93.6,96.8,-1.9,1.9,6.3,6.3,123630,0.6,201012,1.9,6.3,1,好景気
77.8,1,103.9,104.3,115,94,97,0.3,0.3,5.2,5.2,118947,0.6,20111,0.3,5.2,1,好景気
77.8,1,104.5,105.8,118.6,95.3,101,0.4,0.4,7.8,7.8,114265,0.6,20112,0.4,7.8,1,好景気
11.1,0,87.3,90.7,84.9,92.4,89.9,-8,8,1.5,1.5,109582,0.6,20113,8,1.5,0,不景気
11.1,1,89.2,87.7,65.5,89.6,94.4,-3.9,3.9,-1.3,1.3,102691,0.6,20114,3.9,1.3,1,好景気
0,1,95.3,89.4,80.4,90.2,97,-0.4,0.4,2.4,2.4,95799,0.6,20115,0.4,2.4,1,好景気
83.3,1,99.3,94.1,105.5,92.7,98.5,1.9,1.9,3.8,3.8,88908,0.6,20116,1.9,3.8,1,好景気
100,1,100.5,95.4,109.1,93.8,98,0.9,0.9,2.9,2.9,95498,0.6,20117,0.9,2.9,1,好景気
88.9,1,102.2,97.6,110.2,92.9,98.7,-2.4,2.4,4.9,4.9,102088,0.7,20118,2.4,4.9,1,好景気
66.7,0,101.3,98.2,111.8,94.4,93.7,-1.5,1.5,0.7,0.7,108678,0.7,20119,1.5,0.7,0,不景気
77.8,1,103.1,99.6,117.4,94.9,98.8,1.4,1.4,0.9,0.9,108184,0.7,201110,1.4,0.9,1,好景気
44.4,0,100.9,96.7,106.6,94.2,100.1,-2.3,2.3,-2.2,2.2,107690,0.7,201111,2.3,2.2,0,不景気
77.8,1,102.9,100.3,119.9,95.4,100.3,2.5,2.5,-2.1,2.1,107196,0.7,201112,2.5,2.1,1,好景気
88.9,1,103.3,99.7,124.4,95.5,99.8,1.6,1.6,-3.8,3.8,108516,0.7,20121,1.6,3.8,1,好景気
88.9,0,103.1,101.1,126.6,96.1,97.6,3.1,3.1,-1.3,1.3,109835,0.8,20122,3.1,1.3,0,不景気
83.3,0,102.9,102.4,120,95.8,98.6,9.3,9.3,0.9,0.9,111155,0.8,20123,9.3,0.9,0,不景気
44.4,0,102.4,100,117.1,94.9,97.2,5,5,0.4,0.4,108482,0.8,20124,5,0.4,0,不景気
33.3,0,100.6,98.3,111.4,95.8,100,3,3,2.6,2.6,105808,0.8,20125,3,2.6,0,不景気
11.1,0,99.8,97,105.3,95.2,96.7,-0.2,0.2,-3.6,3.6,103135,0.8,20126,0.2,3.6,0,不景気
22.2,0,99.3,95.6,105.1,93.7,96.1,-1.3,1.3,-4,4,103296,0.8,20127,1.3,4,0,不景気
22.2,0,97.8,95.1,105.7,95,94.2,1.3,1.3,-4.4,4.4,103458,0.8,20128,1.3,4.4,0,不景気
33.3,0,95.7,93.4,97.3,94,93.4,0.4,0.4,-5.1,5.1,103619,0.8,20129,0.4,5.1,0,不景気
33.3,1,96,93.8,95.7,93.2,91.6,-1.2,1.2,-1.8,1.8,102773,0.8,201210,1.2,1.8,1,好景気
16.7,0,95.1,93.3,92.6,93.2,90.7,0.9,0.9,-1.6,1.6,101926,0.8,201211,0.9,1.6,0,不景気
66.7,1,96.4,95.7,99.6,93.8,94.4,0.2,0.2,-2.5,2.5,101080,0.8,201212,0.2,2.5,1,好景気
88.9,0,94.8,95.6,103.1,93.9,91.7,-1.1,1.1,0.1,0.1,104784,0.8,20131,1.1,0.1,0,不景気
88.9,1,96.5,96.8,105.3,94.6,93.4,-2.2,2.2,-1.3,1.3,108487,0.9,20132,2.2,1.3,1,好景気
88.9,1,97.7,98.7,104.6,94.4,97.9,-0.3,0.3,-1.8,1.8,112191,0.9,20133,0.3,1.8,1,好景気
88.9,0,97.7,98.9,106.9,95.6,95.7,-0.2,0.2,-0.1,0.1,113227,0.9,20134,0.2,0.1,0,不景気
100,1,99.3,100.3,105.8,96.7,96.3,0.8,0.8,0.5,0.5,114262,0.9,20135,0.8,0.5,1,好景気
88.9,0,98.2,99.3,108.5,96.7,95.7,1.6,1.6,0.1,0.1,115298,0.9,20136,1.6,0.1,0,不景気
77.8,1,99.8,101.7,106.4,98.4,97.2,-0.3,0.3,2,2,119407,0.9,20137,0.3,2,1,好景気
88.9,1,100,101.6,108.4,99.2,98.7,1.1,1.1,0.4,0.4,123516,1,20138,1.1,0.4,1,好景気
100,1,101,101.7,110.4,98.6,98.5,3,3,2.7,2.7,127625,1,20139,3,2.7,1,好景気
88.9,1,101.2,101.8,110.8,99.4,100.5,2.4,2.4,1.8,1.8,128714,1,201310,2.4,1.8,1,好景気
100,1,101.8,102.7,114.8,100,101.1,4.1,4.1,2.4,2.4,129803,1,201311,4.1,2.4,1,好景気
77.8,0,101.8,102.2,110.2,99.8,101.8,2.5,2.5,2.9,2.9,130892,1,201312,2.5,2.9,0,不景気
100,1,103.8,103.3,113.4,101,108.3,4.4,4.4,4.4,4.4,135966,1,20141,4.4,4.4,1,好景気
55.6,0,102.7,101.9,111.7,100.7,103.9,3.6,3.6,2,2,141039,1.1,20142,3.6,2,0,不景気
94.4,1,104.2,102.2,110.9,102.7,109,11,11,7.5,7.5,146113,1.1,20143,11,7.5,1,好景気
22.2,0,99.6,100.3,109.6,101.7,100.7,-4.3,4.3,-3,3,140045,1.1,20144,4.3,3,0,不景気
22.2,1,101.9,101.7,106.8,101.7,99.8,-0.4,0.4,-1.3,1.3,133977,1.1,20145,0.4,1.3,1,好景気
11.1,0,100.3,99.7,103.5,100.8,100.6,-0.6,0.6,-0.5,0.5,127909,1.1,20146,0.6,0.5,0,不景気
77.8,0,100.1,100.4,101,101,101.7,0.6,0.6,-0.1,0.1,129890,1.1,20147,0.6,0.1,0,不景気
44.4,0,99.5,99.3,99.8,100,100,1.2,1.2,-2.8,2.8,131871,1.1,20148,1.2,2.8,0,不景気
77.8,1,100.7,101.3,102.4,100.1,102.2,2.3,2.3,1.3,1.3,133852,1.1,20149,2.3,1.3,1,好景気
66.7,0,100.4,101.2,98.6,100.7,101.7,1.4,1.4,-0.1,0.1,135486,1.1,201410,1.4,0.1,0,不景気
55.6,0,100.4,100.9,99.3,99.8,101.2,0.5,0.5,-4.1,4.1,137120,1.1,201411,0.5,4.1,0,不景気
33.3,0,99.9,100.9,98.2,101.4,100.4,0.1,0.1,-2,2,138754,1.1,201412,0.1,2,0,不景気
77.8,1,102.9,102.7,100.8,101.8,107.7,-2,2,-3.1,3.1,141282,1.2,20151,2,3.1,1,好景気
55.6,0,99.8,100.8,100.5,100,98.9,-1.7,1.7,-4,4,143810,1.2,20152,1.7,4,0,不景気
33.3,0,99.3,99.6,99.8,100.2,99.9,-9.7,9.7,-7.7,7.7,146338,1.2,20153,9.7,7.7,0,不景気
44.4,1,99.5,100,98,100,100.1,4.9,4.9,1.5,1.5,148594,1.2,20154,4.9,1.5,1,好景気
44.4,0,99.5,99.8,98.5,99.3,100,3,3,-4.1,4.1,150849,1.2,20155,3,4.1,0,不景気
88.9,1,100.4,100.3,99,100.3,101,1,1,1.1,1.1,153105,1.2,20156,1,1.1,1,好景気
44.4,0,100.3,99.5,99.6,99.9,101.2,1.8,1.8,-0.7,0.7,151785,1.2,20157,1.8,0.7,0,不景気
44.4,0,98.6,98.2,98.9,99.7,99.1,0.8,0.8,-0.8,0.8,150465,1.2,20158,0.8,0.8,0,不景気
44.4,1,100.6,101.4,101.9,100.2,100,-0.1,0.1,-2.9,2.9,149145,1.2,20159,0.1,2.9,1,好景気
61.1,1,100.7,101,102.3,100,99.4,1.8,1.8,-1.8,1.8,148935,1.2,201510,1.8,1.8,1,好景気
44.4,0,99.9,99.1,100.7,99.6,97.7,-1.1,1.1,-2.2,2.2,148724,1.3,201511,1.1,2.2,0,不景気
11.1,0,98.5,97.8,99,99.1,96.1,-1.1,1.1,-3.9,3.9,148514,1.3,201512,1.1,3.9,0,不景気
11.1,1,100.1,99.3,101.2,98.4,98.5,-0.2,0.2,-6.2,6.2,147105,1.3,20161,0.2,6.2,1,好景気
33.3,0,99.2,98.9,96.7,98.4,97.8,0.4,0.4,-4,4,145697,1.3,20162,0.4,4,0,不景気
55.6,1,99.7,98.5,98,98.8,97.7,-1,1,-6.8,6.8,144288,1.3,20163,1,6.8,1,好景気
33.3,0,99.3,98.9,98.9,98.5,98.3,-0.9,0.9,-5.3,5.3,143295,1.3,20164,0.9,5.3,0,不景気
22.2,0,98.5,98.2,99.5,97.9,97.2,-2.1,2.1,-6.7,6.7,142301,1.4,20165,2.1,6.7,0,不景気
44.4,1,99.2,99.3,98.3,98.7,97.8,-1.3,1.3,-7.3,7.3,141308,1.4,20166,1.3,7.3,1,好景気
83.3,1,99.8,99.9,102.7,98.5,98.7,-0.2,0.2,-7.6,7.6,142987,1.4,20167,0.2,7.6,1,好景気
88.9,1,100.5,100.4,100.6,98.2,99,-2.2,2.2,-3.8,3.8,144666,1.4,20168,2.2,3.8,1,好景気
77.8,1,100.7,101.1,100.9,98.4,99.4,-1.7,1.7,-6,6,146345,1.4,20169,1.7,6,1,好景気
83.3,1,101,101.8,104.2,98.3,99.7,-0.2,0.2,-6.6,6.6,150942,1.4,201610,0.2,6.6,1,好景気
88.9,1,102,102.8,106.6,97.8,100.9,1.7,1.7,-1.3,1.3,155540,1.4,201611,1.7,1.3,1,好景気
88.9,0,102,103.1,103.9,97.7,100.1,0.7,0.7,-2.4,2.4,160137,1.4,201612,0.7,2.4,0,不景気
66.7,0,100.9,102.2,99.2,98.8,99.4,1,1,-0.2,0.2,160811,1.4,20171,1,0.2,0,不景気
44.4,1,101.6,102.4,103.2,99.4,99,0.2,0.2,-0.4,0.4,161485,1.5,20172,0.2,0.4,1,好景気
55.6,0,101.5,103,102.4,98.3,97.2,2.1,2.1,3.2,3.2,162159,1.5,20173,2.1,3.2,0,不景気
88.9,1,104.1,104.2,109,98.2,100.9,3.2,3.2,0.9,0.9,162213,1.5,20174,3.2,0.9,1,好景気
66.7,0,102.3,101.7,102.2,98.3,102.4,2.1,2.1,6.3,6.3,162267,1.5,20175,2.1,6.3,0,不景気
88.9,1,103.3,104.1,105.7,97.1,102.9,2.2,2.2,4.4,4.4,162321,1.5,20176,2.2,4.4,1,好景気
33.3,0,102.5,103.5,103.1,97.3,100.7,1.8,1.8,3.1,3.1,163715,1.5,20177,1.8,3.1,0,不景気
77.8,1,104,105.1,104.6,98.5,105.8,1.8,1.8,4.3,4.3,165110,1.5,20178,1.8,4.3,1,好景気
44.4,0,103,103.5,102,98.5,102.2,2.3,2.3,4,4,166504,1.5,20179,2.3,4,0,不景気
66.7,1,103.3,103.2,101.6,97.8,103.5,-0.2,0.2,5.1,5.1,169783,1.6,201710,0.2,5.1,1,好景気
77.8,1,104.2,105.3,103.4,98.6,105.2,2.1,2.1,5.7,5.7,173063,1.6,201711,2.1,5.7,1,好景気
88.9,1,105.8,106,106.4,98,107,3.6,3.6,7,7,176342,1.6,201712,3.6,7,1,好景気
33.3,0,101.4,101.8,100.8,95.6,103.4,1.5,1.5,7.1,7.1,174330,1.6,20181,1.5,7.1,0,不景気
22.2,1,104,104.4,106.7,97,103.3,1.7,1.7,4.2,4.2,172318,1.6,20182,1.7,4.2,1,好景気
11.1,1,105.1,104.9,106.2,96.8,105,1,1,2.9,2.9,170306,1.6,20183,1,2.9,1,好景気
83.3,0,104.5,105.5,108.6,96.8,107.5,1.5,1.5,6.6,6.6,173124,1.6,20184,1.5,6.6,0,不景気
77.8,1,104.8,105.2,103.4,99.2,104.5,0.6,0.6,6.6,6.6,175941,1.6,20185,0.6,6.6,1,好景気
66.7,0,103.7,105.1,103.9,97.9,103.4,1.7,1.7,4,4,178759,1.6,20186,1.7,4,0,不景気
27.8,1,103.8,104.4,99.6,97.4,103.6,1.5,1.5,5.6,5.6,175628,1.6,20187,1.5,5.6,1,好景気
33.3,0,103.6,104.2,103.8,96.8,104.1,2.7,2.7,4.8,4.8,172497,1.6,20188,2.7,4.8,0,不景気
33.3,0,103.5,103.4,102.4,96.1,103.6,2.2,2.2,0.4,0.4,169366,1.6,20189,2.2,0.4,0,不景気
83.3,1,105.6,107.4,105.3,98.6,107.8,3.6,3.6,7.2,7.2,165568,1.6,201810,3.6,7.2,1,好景気
61.1,0,104.6,104.4,104.2,97.9,105,1.4,1.4,3.4,3.4,161771,1.6,201811,1.4,3.4,0,不景気
50,1,104.7,104.8,104.9,95.1,104.5,1.3,1.3,-1,1,157973,1.6,201812,1.3,1,1,好景気
